Name,Full Name,Age,Batting Style,Bowling Style,Role,Country,Team
MS Dhoni,Mahendra Singh Dhoni,41y 313d,Right hand Bat,Right arm Medium,Wicketkeeper Batter,India,CSK
Akash Singh,Akash Maharaj Singh,21y 20d,Right hand Bat,Left arm Medium fast,Bowler,India,CSK
Moeen Ali,Moeen Munir Ali,35y 332d,Left hand Bat,Right arm Offbreak,Batting Allrounder,England,CSK
Bhagath Varma,Kanumuri Bhagath Varma,24y 237d,Right hand Bat,Right arm Offbreak,Bowling Allrounder,India,CSK
Deepak Chahar,Deepak Lokandersingh Chahar,30y 282d,Right hand Bat,Right arm Medium,Bowler,India,CSK
Devon Conway,Devon Philip Conway,31y 312d,Left hand Bat,Right arm Medium,Wicketkeeper Batter,New Zealand,CSK
Tushar Deshpande,Tushar Uday Deshpande,28y 1d,Left hand Bat,Right arm Medium,Bowler,India,CSK
Shivam Dube,Shivam Dube,29y 324d,Left hand Bat,Right arm Medium,Allrounder,India,CSK
Ruturaj Gaikwad,Ruturaj Dashrat Gaikwad,26y 105d,Right hand Bat,Right arm Offbreak,Batter,India,CSK
Rajvardhan Hangargekar,Rajvardhan S Hangargekar,20y 187d,Right hand Bat,Right arm Fast medium,Bowling Allrounder,India,CSK
Ravindra Jadeja,Ravindrasinh Anirudhsinh Jadeja,34y 161d,Left hand Bat,Slow Left arm Orthodox,Allrounder,India,CSK
Sisanda Magala,Sisanda Somila Bruce Magala,32y 129d,Right hand Bat,Right arm Fast medium,Bowler,South Africa,CSK
Ajay Mandal,Ajay Jadav Mandal,27y 80d,Left hand Bat,Slow Left arm Orthodox,Allrounder,India,CSK
Matheesha Pathirana,Matheesha Pathirana,20y 149d,Right hand Bat,Right arm Fast,Bowler,Sri Lanka,CSK
Dwaine Pretorius,Dwaine Pretorius,34y 48d,Right hand Bat,Right arm Medium fast,Bowling Allrounder,South Africa,CSK
Ajinkya Rahane,Ajinkya Madhukar Rahane,34y 344d,Right hand Bat,Right arm Medium,Top order Batter,India,CSK
Shaik Rasheed,Shaik Rasheed,18y 234d,Right hand Bat,Legbreak,Batter,India,CSK
Ambati Rayudu,Ambati Thirupathi Rayudu,37y 235d,Right hand Bat,Right arm Offbreak,Middle order Batter,India,CSK
Mitchell Santner,Mitchell Josef Santner,31y 100d,Left hand Bat,Slow Left arm Orthodox,Bowling Allrounder,New Zealand,CSK
Subhranshu Senapati,Subhranshu Pradeep Senapati,26y 137d,Right hand Bat,Right arm Medium,Top order Batter,India,CSK
Simarjeet Singh,Simarjeet Singh,25y 119d,Right hand Bat,Right arm Medium fast,Bowler,India,CSK
Nishant Sindhu,Nishant Sindhu,19y 37d,Left hand Bat,Slow Left arm Orthodox,Allrounder,India,CSK
Prashant Solanki,Prashant Hitesh Solanki,23y 83d,Right hand Bat,Legbreak,Bowler,India,CSK
Ben Stokes,Benjamin Andrew Stokes,31y 346d,Left hand Bat,Right arm Fast medium,Allrounder,England,CSK
Maheesh Theekshana,Morawakage Maheesh Theekshana,22y 288d,Right hand Bat,Right arm Offbreak,Bowler,Sri Lanka,CSK
Kyle Jamieson,Kyle Alex Jamieson,28y 137d,Right hand Bat,Right arm Fast medium,Bowler,New Zealand,CSK
Mukesh Choudhary,Mukesh Choudhary,26y 314d,Left hand Bat,Left arm Medium,Bowler,India,CSK
David Warner,David Andrew Warner,36y 201d,Left hand Bat,Legbreak,Opening Batter,Australia,DC
Abishek Porel,Abishek Porel,20y 211d,Left hand Bat,None,Wicketkeeper Batter,India,DC
Khaleel Ahmed,Khaleel Khursheed Ahmed,25y 162d,Right hand Bat,Left arm Medium,Bowler,India,DC
Aman Hakim Khan,Aman Hakim Khan,26y 174d,Right hand Bat,Right arm Medium,Allrounder,India,DC
Yash Dhull,Yash Vijay Dhull,20y 186d,Right hand Bat,Right arm Offbreak,Top order Batter,India,DC
Praveen Dubey,Praveen Dubey,29y 319d,Right hand Bat,Legbreak Googly,Bowler,India,DC
Priyam Garg,Priyam K Garg,22y 167d,Right hand Bat,Right arm Medium,Top order Batter,India,DC
Sarfaraz Khan,Sarfaraz Naushad Khan,25y 206d,Right hand Bat,Legbreak,Middle order Batter,India,DC
Kuldeep Yadav,Kuldeep Yadav,28y 153d,Left hand Bat,Left arm Wrist spin,Bowler,India,DC
Lalit Yadav,Lalit Yadav,26y 133d,Right hand Bat,Right arm Offbreak,Allrounder,India,DC
Mitchell Marsh,Mitchell Ross Marsh,31y 208d,Right hand Bat,Right arm Medium,Allrounder,Australia,DC
Mukesh Kumar,Mukesh Kumar,29y 216d,Right hand Bat,Right arm Medium,Bowler,India,DC
Mustafizur Rahman,Mustafizur Rahman,27y 252d,Left hand Bat,Left arm Fast medium,Bowler,Bangladesh,DC
Lungi Ngidi,Lungisani True-man Ngidi,27y 48d,Right hand Bat,Right arm Fast medium,Bowler,South Africa,DC
Anrich Nortje,Anrich Arno Nortje,29y 181d,Right hand Bat,Right arm Fast,Bowler,South Africa,DC
Vicky Ostwal,Vicky Kanhaiya Ostwal,20y 257d,Right hand Bat,Slow Left arm Orthodox,Bowler,India,DC
Manish Pandey,Manish Krishnanand Pandey,33y 248d,Right hand Bat,Right arm Medium,Top order Batter,India,DC
Ripal Patel,Ripal Vinubhai Patel,27y 230d,Right hand Bat,Right arm Medium fast,Middle order Batter,India,DC
Axar Patel,Axar Rajeshbhai Patel,29y 116d,Left hand Bat,Slow Left arm Orthodox,Bowling Allrounder,India,DC
Rovman Powell,Rovman Powell,29y 297d,Right hand Bat,Right arm Medium fast,Middle order Batter,West Indies,DC
Rilee Rossouw,Rilee Roscoe Rossouw,33y 219d,Left hand Bat,Right arm Offbreak,Top order Batter,South Africa,DC
Chetan Sakariya,Chetan Sakariya,25y 77d,Left hand Bat,Left arm Medium fast,Bowler,India,DC
Phil Salt,Philip Dean Salt,26y 261d,Right hand Bat,Right arm Offbreak,Wicketkeeper Batter,England,DC
Ishant Sharma,Ishant Sharma,34y 256d,Right hand Bat,Right arm Fast medium,Bowler,India,DC
Prithvi Shaw,Prithvi Pankaj Shaw,23y 188d,Right hand Bat,Right arm Offbreak,Opening Batter,India,DC
Kamlesh Nagarkoti,Kamlesh Lachham Nagarkoti,23y 139d,Right hand Bat,Right arm Fast,Bowler,India,DC
Rishabh Pant,Rishabh Rajendra Pant,25y 224d,Left hand Bat,None,Wicketkeeper Batter,India,DC
Hardik Pandya,Hardik Himanshu Pandya,29y 217d,Right hand Bat,Right arm Medium fast,Allrounder,India,GT
Srikar Bharat,Kona Srikar Bharat,29y 225d,Right hand Bat,None,Wicketkeeper Batter,India,GT
Alzarri Joseph,Alzarri Shaheim Joseph,26y 177d,Right hand Bat,Right arm Fast,Bowler,West Indies,GT
Joshua Little,Joshua Brian Little,23y 196d,Right hand Bat,Left arm Fast medium,Bowler,Ireland,GT
Abhinav Manohar,Abhinav Manohar,28y 242d,Right hand Bat,Legbreak Googly,Batting Allrounder,India,GT
David Miller,David Andrew Miller,33y 340d,Left hand Bat,Right arm Offbreak,Middle order Batter,South Africa,GT
Mohammad Shami,Mohammed Shami Ahmed,32y 255d,Right hand Bat,Right arm Fast,Bowler,India,GT
Darshan Nalkande,Darshan Girish Nalkande,24y 224d,Right hand Bat,Right arm Fast medium,Bowler,India,GT
Noor Ahmad,Noor Ahmad Lakanwal,18y 133d,Right hand Bat,Left arm Wrist spin,Bowler,Afghanistan,GT
Urvil Patel,Urvil Mukesh Patel,24y 211d,Right hand Bat,None,Wicketkeeper Batter,India,GT
Rashid Khan,Rashid Khan Arman,24y 238d,Right hand Bat,Legbreak Googly,Bowling Allrounder,Afghanistan,GT
Wriddhiman Saha,Wriddhiman Prasanta Saha,38y 204d,Right hand Bat,None,Wicketkeeper Batter,India,GT
Ravisrinivasan Sai Kishore,Ravisrinivasan Sai Kishore,26y 191d,Left hand Bat,Slow Left arm Orthodox,Bowler,India,GT
Sai Sudharsan,Bhardwaj Sai Sudharsan,21y 213d,Left hand Bat,Legbreak,Top order Batter,India,GT
Pradeep Sangwan,Pradeep Jaibeer Sangwan,32y 192d,Right hand Bat,Left arm Medium,Bowler,India,GT
Dasun Shanaka,Madagamagamage Dasun Shanaka,31y 249d,Right hand Bat,Right arm Medium,Allrounder,Sri Lanka,GT
Vijay Shankar,Vijay Shankar,32y 110d,Right hand Bat,Right arm Medium,Allrounder,India,GT
Mohit Sharma,Mohit Mahipal Sharma,34y 240d,Right hand Bat,Right arm Medium,Bowler,India,GT
Shivam Mavi,Shivam Pankaj Mavi,24y 171d,Right hand Bat,Right arm Fast medium,Bowler,India,GT
Shubman Gill,Shubman Gill,23y 250d,Right hand Bat,Right arm Offbreak,Opening Batter,India,GT
Odean Smith,Odean Fabian Smith,26y 196d,Right hand Bat,Right arm Fast medium,Bowling Allrounder,West Indies,GT
Rahul Tewatia,Rahul Tewatia,29y 361d,Left hand Bat,Legbreak,Bowling Allrounder,India,GT
Matthew Wade,Matthew Scott Wade,35y 141d,Left hand Bat,Right arm Medium,Wicketkeeper Batter,Australia,GT
Jayant Yadav,Jayant Yadav,33y 114d,Right hand Bat,Right arm Offbreak,Bowler,India,GT
Yash Dayal,Yash Dayal,25y 154d,Right hand Bat,Left arm Medium fast,Bowler,India,GT
Kane Williamson,Kane Stuart Williamson,32y 281d,Right hand Bat,Right arm Offbreak,Top order Batter,New Zealand,GT
Nitish Rana,Nitish Rana,29y 140d,Left hand Bat,"Right arm Medium, Right arm Offbreak, Legbreak",Middle order Batter,India,KKR
Aarya Desai,Aarya Desai,20y 43d,Left hand Bat,Right arm Offbreak,Opening Batter,India,KKR
Vaibhav Arora,Vaibhav Gopal Arora,25y 153d,Right hand Bat,Right arm Fast medium,Bowler,India,KKR
Johnson Charles,Johnson Charles,34y 122d,Right hand Bat,None,Wicketkeeper Batter,West Indies,KKR
Lockie Ferguson,Lachlan Hammond Ferguson,31y 337d,Right hand Bat,Right arm Fast,Bowler,New Zealand,KKR
Harshit Rana,Harshit Pradeep Rana,21y 145d,Right hand Bat,Right arm Medium fast,Bowler,India,KKR
Venkatesh Iyer,Venkatesh Rajasekaran Iyer,28y 142d,Left hand Bat,Right arm Medium,Allrounder,India,KKR
Narayan Jagadeesan,Narayan Jagadeesan,27y 143d,Right hand Bat,None,Opening Batter,India,KKR
Kulwant Khejroliya,Kulwant Khejroliya,31y 64d,Left hand Bat,Left arm Medium fast,Bowler,India,KKR
Mandeep Singh,Mandeep Singh,31y 149d,Right hand Bat,Right arm Medium,Allrounder,India,KKR
Sunil Narine,Sunil Philip Narine,34y 355d,Left hand Bat,Right arm Offbreak,Bowling Allrounder,West Indies,KKR
Rahmanullah Gurbaz,Rahmanullah Gurbaz,21y 169d,Right hand Bat,None,Wicketkeeper Batter,Afghanistan,KKR
Jason Roy,Jason Jonathan Roy,32y 299d,Right hand Bat,None,Opening Batter,England,KKR
Anukul Roy,Anukul Sudhakar Roy,24y 167d,Left hand Bat,Slow Left arm Orthodox,Allrounder,India,KKR
Andre Russell,Andre Dwayne Russell,35y 17d,Right hand Bat,Right arm Fast,Allrounder,West Indies,KKR
Rinku Singh,Rinku Khanchand Singh,25y 216d,Left hand Bat,Right arm Offbreak,Middle order Batter,India,KKR
Tim Southee,Timothy Grant Southee,34y 156d,Right hand Bat,Right arm Medium fast,Bowler,New Zealand,KKR
Suyash Sharma,Suyash Sharma,20y 1d,Right hand Bat,Legbreak Googly,Bowler,India,KKR
Shardul Thakur,Shardul Narendra Thakur,31y 212d,Right hand Bat,Right arm Medium,Bowler,India,KKR
Varun Chakravarthy,Varun Chakravarthy Vinod,31y 260d,Right hand Bat,Legbreak Googly,Bowler,India,KKR
David Wiese,David Wiese,37y 363d,Right hand Bat,Right arm Medium fast,Allrounder,Namibia,KKR
Umesh Yadav,Umeshkumar Tilak Yadav,35y 203d,Right hand Bat,Right arm Fast,Bowler,India,KKR
Shreyas Iyer,Shreyas Santosh Iyer,28y 161d,Right hand Bat,"Right arm Offbreak, Legbreak Googly",Top order Batter,India,KKR
Litton Das,Litton Kumer Das,28y 215d,Right hand Bat,Right arm Offbreak,Wicketkeeper Batter,Bangladesh,KKR
Shakib Al Hasan,Shakib Al Hasan,36y 53d,Left hand Bat,Slow Left arm Orthodox,Allrounder,Bangladesh,KKR
Krunal Pandya,Krunal Himanshu Pandya,32y 53d,Left hand Bat,Slow Left arm Orthodox,Allrounder,India,LSG
Avesh Khan,Avesh Khan,26y 154d,Right hand Bat,Right arm Fast medium,Bowler,India,LSG
Ayush Badoni,Ayush Badoni,23y 164d,Right hand Bat,Right arm Offbreak,Batter,India,LSG
Quinton de Kock,Quinton de Kock,30y 150d,Left hand Bat,None,Wicketkeeper Batter,South Africa,LSG
Krishnappa Gowtham,Krishnappa Gowtham,34y 208d,Right hand Bat,Right arm Offbreak,Bowling Allrounder,India,LSG
Arpit Guleria,Arpit N Guleria,26y 20d,Right hand Bat,Right arm Medium,Bowler,India,LSG
Deepak Hooda,Deepak Jagbir Hooda,28y 27d,Right hand Bat,Right arm Offbreak,Allrounder,India,LSG
Prerak Mankad,Prerak Nileshkumar Mankad,29y 23d,Right hand Bat,Right arm Medium,Allrounder,India,LSG
Kyle Mayers,Kyle Rico Mayers,30y 250d,Left hand Bat,Right arm Medium,Batting Allrounder,West Indies,LSG
Amit Mishra,Amit Mishra,40y 173d,Right hand Bat,Legbreak,Bowler,India,LSG
Mohsin Khan,Mohsin Khan,24y 305d,Left hand Bat,Left arm Medium fast,Bowler,India,LSG
Naveen-ul-Haq,Naveen-ul-Haq Murid,23y 235d,Right hand Bat,Right arm Medium fast,Bowler,Afghanistan,LSG
Nicholas Pooran,Nicholas Pooran,27y 226d,Left hand Bat,Right arm Offbreak,Wicketkeeper Batter,West Indies,LSG
Ravi Bishnoi,Ravi Bishnoi,22y 253d,Right hand Bat,Legbreak Googly,Bowler,India,LSG
Daniel Sams,Daniel Richard Sams,30y 201d,Right hand Bat,Left arm Fast medium,Allrounder,Australia,LSG
Karan Sharma,Karan Sunny Sharma,24y 197d,Right hand Bat,Right arm Offbreak,Allrounder,India,LSG
Romario Shepherd,Romario Shepherd,28y 171d,Right hand Bat,Right arm Fast medium,Bowling Allrounder,West Indies,LSG
Marcus Stoinis,Marcus Peter Stoinis,33y 273d,Right hand Bat,Right arm Medium,Batting Allrounder,Australia,LSG
Swapnil Singh,Swapnil Singh,32y 114d,Right hand Bat,Slow Left arm Orthodox,Bowler,India,LSG
Jaydev Unadkat,Jaydev Dipakbhai Unadkat,31y 210d,Right hand Bat,Left arm Medium,Bowler,India,LSG
Manan Vohra,Manan Vohra,29y 302d,Right hand Bat,Right arm Medium,Opening Batter,India,LSG
Mark Wood,Mark Andrew Wood,33y 125d,Right hand Bat,Right arm Fast,Bowler,England,LSG
Yash Thakur,Yash Ravisingh Thakur,24y 139d,Right hand Bat,Right arm Fast medium,Bowler,India,LSG
Yudhvir Singh,Yudhvir Singh Charak,25y 245d,Right hand Bat,Right arm Medium fast,Bowler,India,LSG
KL Rahul,Kannaur Lokesh Rahul,31y 28d,Right hand Bat,None,Wicketkeeper Batter,India,LSG
Mayank Yadav,Mayank Prabhu Yadav,20y 333d,Right hand Bat,Right arm Medium fast,Bowler,India,LSG
Rohit Sharma,Rohit Gurunath Sharma,36y 16d,Right hand Bat,Right arm Offbreak,Top order Batter,India,MI
Arshad Khan,Mohd Arshad Khan,25y 147d,Left hand Bat,Left arm Medium,Bowler,India,MI
Jason Behrendorff,Jason Paul Behrendorff,33y 26d,Right hand Bat,Left arm Fast medium,Bowler,Australia,MI
Dewald Brevis,Dewald Brevis,20y 17d,Right hand Bat,Legbreak,Batting Allrounder,South Africa,MI
Piyush Chawla,Piyush Pramod Chawla,34y 143d,Left hand Bat,Legbreak,Bowling Allrounder,India,MI
Tim David,Timothy Hays David,27y 61d,Right hand Bat,Right arm Offbreak,Middle order Batter,Australia,MI
Raghav Goyal,Raghav Goyal,22y 110d,Left hand Bat,Left arm Wrist spin,Bowler,India,MI
Cameron Green,Cameron Donald Green,23y 347d,Right hand Bat,Right arm Fast medium,Batting Allrounder,Australia,MI
Ishan Kishan,Ishan Pranav Kumar Pandey Kishan,24y 302d,Left hand Bat,None,Wicketkeeper Batter,India,MI
Duan Jansen,Duan Jansen,23y 15d,Right hand Bat,Left arm Fast,Bowler,South Africa,MI
Chris Jordan,Christopher James Jordan,34y 224d,Right hand Bat,Right arm Fast medium,Bowler,England,MI
Kumar Kartikeya,Kumar Kartikeya Singh,25y 141d,Right hand Bat,"Slow Left arm Orthodox, Left arm Wrist spin",Bowler,India,MI
Akash Madhwal,Akash Madhwal,29y 172d,Right hand Bat,Right arm Medium fast,Bowler,India,MI
Riley Meredith,Riley Patrick Meredith,26y 329d,Right hand Bat,Right arm Fast,Bowler,Australia,MI
Shams Mulani,Shams Zakir Mulani,26y 64d,Left hand Bat,Slow Left arm Orthodox,Allrounder,India,MI
Ramandeep Singh,Ramandeep Singh,26y 33d,Right hand Bat,Right arm Medium,Middle order Batter,India,MI
Sandeep Warrier,Sankarankutty Sandeep Warrier,32y 42d,Right hand Bat,Right arm Medium,Bowler,India,MI
Hrithik Shokeen,Hrithik Rakesh Shokeen,22y 275d,Right hand Bat,Right arm Offbreak,Bowler,India,MI
Tristan Stubbs,Tristan Stubbs,22y 275d,Right hand Bat,Right arm Offbreak,Wicketkeeper Batter,South Africa,MI
Arjun Tendulkar,Arjun Sachin Tendulkar,23y 234d,Left hand Bat,Left arm Medium fast,Bowler,India,MI
Tilak Varma,Namboori Thakur Tilak Varma,20y 189d,Left hand Bat,Right arm Offbreak,Batting Allrounder,India,MI
Vishnu Vinod,Vishnu Vinod,29y 165d,Right hand Bat,None,Wicketkeeper Batter,India,MI
Nehal Wadhera,Nehal Wadhera,22y 254d,Left hand Bat,Legbreak,Top order Batter,India,MI
Suryakumar Yadav,Suryakumar Ashok Yadav,32y 244d,Right hand Bat,"Right arm Medium, Right arm Offbreak",Batter,India,MI
Jofra Archer,Jofra Chioke Archer,28y 45d,Right hand Bat,Right arm Fast,Bowler,England,MI
Jasprit Bumrah,Jasprit Jasbirsingh Bumrah,29y 161d,Right hand Bat,Right arm Fast,Bowler,India,MI
Jhye Richardson,Jhye Avon Richardson,26y 238d,Right hand Bat,Right arm Fast,Bowler,Australia,MI
Shikhar Dhawan,Shikhar Dhawan,37y 162d,Left hand Bat,Right arm Offbreak,Opening Batter,India,PBKS
Arshdeep Singh,Arshdeep Singh,24y 100d,Left hand Bat,Left arm Medium fast,Bowler,India,PBKS
Baltej Singh,Baltej Singh Dhanda,32y 193d,Right hand Bat,Right arm Medium,Bowler,India,PBKS
Rahul Chahar,Rahul Desraj Chahar,23y 285d,Right hand Bat,Legbreak Googly,Bowler,India,PBKS
Sam Curran,Samuel Matthew Curran,24y 347d,Left hand Bat,Left arm Medium fast,Allrounder,England,PBKS
Rishi Dhawan,Rishi Dhawan,33y 86d,Right hand Bat,Right arm Medium fast,Allrounder,India,PBKS
Nathan Ellis,Nathan Ellis,28y 236d,Right hand Bat,Right arm Fast medium,Bowler,Australia,PBKS
Gurnoor Brar,Gurnoor Brar,22y 356d,Left hand Bat,Right arm Fast,Bowler,India,PBKS
Harpreet Brar,Harpreet Brar,27y 242d,Left hand Bat,Slow Left arm Orthodox,Bowler,India,PBKS
Harpreet Singh,Harpreet Singh Bhatia,31y 278d,Left hand Bat,Right arm Medium,Batter,India,PBKS
Vidwath Kaverappa,Vidwath Kaverappa,24y 80d,Right hand Bat,Right arm Fast medium,Bowler,India,PBKS
Liam Livingstone,Liam Stephen Livingstone,29y 285d,Right hand Bat,"Right arm Offbreak, Legbreak",Batting Allrounder,England,PBKS
Mohit Rathee,Mohit Rathee,24y 123d,Right hand Bat,Legbreak,Allrounder,India,PBKS
Prabhsimran Singh,Prabhsimran Singh,22y 279d,Right hand Bat,None,Wicketkeeper Batter,India,PBKS
Kagiso Rabada,Kagiso Rabada,27y 356d,Left hand Bat,Right arm Fast,Bowler,South Africa,PBKS
Bhanuka Rajapaksa,Pramod Bhanuka Bandara Rajapaksa,31y 204d,Left hand Bat,Right arm Medium,Top order Batter,Sri Lanka,PBKS
Shahrukh Khan,Masood Shahrukh Khan,27y 354d,Right hand Bat,Right arm Offbreak,Batter,India,PBKS
Jitesh Sharma,Jitesh Mohan Sharma,29y 206d,Right hand Bat,None,Wicketkeeper Batter,India,PBKS
Shivam Singh,Shivam Singh,27y 172d,Right hand Bat,Right arm Offbreak,Middle order Batter,India,PBKS
Matthew Short,Matthew William Short,27y 189d,Right hand Bat,Right arm Offbreak,Top order Batter,Australia,PBKS
Sikandar Raza,Sikandar Raza Butt,37y 22d,Right hand Bat,Right arm Offbreak,Batting Allrounder,Zimbabwe,PBKS
Atharva Taide,Atharva Taide,23y 20d,Left hand Bat,Slow Left arm Orthodox,Batting Allrounder,India,PBKS
Jonny Bairstow,Jonathan Marc Bairstow,33y 232d,Right hand Bat,Right arm Medium,Wicketkeeper Batter,England,PBKS
Raj Bawa,Raj Angad Bawa,20y 185d,Left hand Bat,Right arm Medium fast,Allrounder,India,PBKS
Sanju Samson,Sanju Viswanath Samson,28y 186d,Right hand Bat,None,Wicketkeeper Batter,India,RR
Abdul Basith,Pappanayil Abdul Basith,24y 219d,Right hand Bat,Right arm Offbreak,Allrounder,India,RR
Murugan Ashwin,Murugan Ashwin,32y 250d,Right hand Bat,Legbreak Googly,Bowler,India,RR
Ravichandran Ashwin,Ravichandran Ashwin,36y 241d,Right hand Bat,Right arm Offbreak,Bowling Allrounder,India,RR
KM Asif,KM Asif,29y 296d,Right hand Bat,Right arm Medium,Bowler,India,RR
Trent Boult,Trent Alexander Boult,33y 298d,Right hand Bat,Left arm Fast medium,Bowler,New Zealand,RR
Jos Buttler,Joseph Charles Buttler,32y 250d,Right hand Bat,None,Wicketkeeper Batter,England,RR
KC Cariappa,Konganda Charamanna Cariappa,29y 33d,Right hand Bat,Legbreak,Bowler,India,RR
Yuzvendra Chahal,Yuzvendra Singh Chahal,32y 297d,Right hand Bat,Legbreak Googly,Bowler,India,RR
Donovan Ferreira,Donovan Ferreira,24y 299d,Right hand Bat,None,Allrounder,South Africa,RR
Shimron Hetmyer,Shimron Odilon Hetmyer,26y 141d,Left hand Bat,None,Top order Batter,West Indies,RR
Jason Holder,Jason Omar Holder,31y 192d,Right hand Bat,Right arm Medium fast,Bowling Allrounder,West Indies,RR
Yashasvi Jaiswal,Yashasvi Bhupendra Kumar Jaiswal,21y 139d,Left hand Bat,Legbreak,Opening Batter,India,RR
Dhruv Jurel,Dhruv Chand Jurel,22y 115d,Right hand Bat,None,Wicketkeeper Batter,India,RR
Obed McCoy,Obed  Christopher McCoy,26y 132d,Left hand Bat,Left arm Fast medium,Bowler,West Indies,RR
Devdutt Padikkal,Devdutt Padikkal,22y 313d,Left hand Bat,Right arm Offbreak,Top order Batter,India,RR
Riyan Parag,Riyan Parag,21y 187d,Right hand Bat,Legbreak,Top order Batter,India,RR
Kunal Singh Rathore,Kunal Singh Rathore,20y 219d,Left hand Bat,None,Wicketkeeper Batter,India,RR
Joe Root,Joseph Edward Root,32y 137d,Right hand Bat,"Right arm Offbreak, Legbreak",Top order Batter,England,RR
Navdeep Saini,Navdeep Amarjeet Saini,30y 174d,Right hand Bat,Right arm Fast,Bowler,India,RR
Sandeep Sharma,Sandeep Sharma,29y 363d,Right hand Bat,Right arm Medium,Bowler,India,RR
Kuldeep Sen,Kuldeep Rampal Sen,26y 206d,Right hand Bat,Right arm Fast,Bowler,India,RR
Akash Vasisht,Akash Paramjeet Vasisht,28y 150d,Left hand Bat,Slow Left arm Orthodox,Allrounder,India,RR
Kuldip Yadav,Kuldip Yadav,26y 213d,Left hand Bat,Left arm Fast medium,Bowler,India,RR
Adam Zampa,Adam Zampa,31y 46d,Right hand Bat,Legbreak Googly,Bowler,Australia,RR
Prasidh Krishna,Muralikrishna Prasidh Krishna,27y 86d,Right hand Bat,Right arm Fast medium,Bowler,India,RR
Faf du Plessis,Francois du Plessis,38y 307d,Right hand Bat,Legbreak,Middle order Batter,South Africa,RCB
Akash Deep,Akash Deep,26y 152d,Right hand Bat,Right arm Fast medium,Bowling Allrounder,India,RCB
Finn Allen,Finnley Hugh Allen,24y 24d,Right hand Bat,None,Top order Batter,New Zealand,RCB
Anuj Rawat,Anuj Rawat,23y 211d,Left hand Bat,None,Wicketkeeper Batter,India,RCB
Avinash Singh,Avinash Singh Manhas,25y 132d,Right hand Bat,Right arm Fast,Bowler,India,RCB
Manoj Bhandage,Manoj Shivaramsa Bhandage,24y 223d,Left hand Bat,Right arm Medium fast,Allrounder,India,RCB
Michael Bracewell,Michael Gordon Bracewell,32y 91d,Left hand Bat,Right arm Offbreak,Batting Allrounder,New Zealand,RCB
Wanindu Hasaranga,Pinnaduwage Wanindu Hasaranga de Silva,25y 291d,Right hand Bat,Legbreak,Allrounder,Sri Lanka,RCB
Josh Hazlewood,Josh Reginald Hazlewood,32y 128d,Left hand Bat,Right arm Fast medium,Bowler,Australia,RCB
Kedar Jadhav,Kedar Mahadav Jadhav,38y 51d,Right hand Bat,Right arm Offbreak,Batting Allrounder,India,RCB
Dinesh Karthik,Krishnakumar Dinesh Karthik,37y 349d,Right hand Bat,Right arm Offbreak,Wicketkeeper Batter,India,RCB
Siddarth Kaul,Siddarth Kaul,32y 362d,Right hand Bat,Right arm Medium,Bowler,India,RCB
Virat Kohli,Virat Kohli,34y 192d,Right hand Bat,Right arm Medium,Top order Batter,India,RCB
Mahipal Lomror,Mahipal Krishan Lomror,23y 181d,Left hand Bat,Slow Left arm Orthodox,Allrounder,India,RCB
Glenn Maxwell,Glenn James Maxwell,34y 214d,Right hand Bat,Right arm Offbreak,Batting Allrounder,Australia,RCB
Mohammed Siraj,Mohammed Siraj,29y 64d,Right hand Bat,Right arm Fast,Bowler,India,RCB
Wayne Parnell,Wayne Dillon Parnell,33y 290d,Left hand Bat,Left arm Medium fast,Bowler,South Africa,RCB
Harshal Patel,Harshal Vikram Patel,32y 174d,Right hand Bat,Right arm Medium,Bowler,India,RCB
Suyash Prabhudessai,Suyash S Prabhudessai,25y 161d,Right hand Bat,Right arm Medium,Batting Allrounder,India,RCB
Rajan Kumar,Rajan Kumar,26y 312d,Left hand Bat,Left arm Medium fast,Bowler,India,RCB
Shahbaz Ahmed,Shahbaz Ahmed,28y 156d,Left hand Bat,Slow Left arm Orthodox,Allrounder,India,RCB
Himanshu Sharma,Himanshu Sharma,24y 344d,Right hand Bat,Legbreak,Bowler,India,RCB
Karn Sharma,Karn Vinod Sharma,35y 205d,Left hand Bat,Legbreak Googly,Bowler,India,RCB
Sonu Yadav,Ramsingh Sonu Yadav,23y 186d,Right hand Bat,Right arm Medium fast,Allrounder,India,RCB
Vijaykumar Vyshak,Vijaykumar Vyshak,26y 105d,Right hand Bat,Right arm Medium,Bowler,India,RCB
Will Jacks,William George Jacks,24y 176d,Right hand Bat,Right arm Offbreak,Batter,England,RCB
Rajat Patidar,Rajat Manohar Patidar,29y 349d,Right hand Bat,Right arm Offbreak,Top order Batter,India,RCB
Reece Topley,Reece James William Topley,29y 84d,Right hand Bat,Left arm Fast medium,Bowler,England,RCB
David Willey,David Jonathan Willey,33y 77d,Left hand Bat,Left arm Fast medium,Bowling Allrounder,England,RCB
Aiden Markram,Aiden Kyle Markram,28y 224d,Right hand Bat,Right arm Offbreak,Opening Batter,South Africa,SRH
Abdul Samad,Abdul Samad Farooq,21y 200d,Right hand Bat,Legbreak,Batter,India,SRH
Abhishek Sharma,Abhishek Sharma,22y 254d,Left hand Bat,Slow Left arm Orthodox,Allrounder,India,SRH
Mayank Agarwal,Mayank Anurag Agarwal,32y 89d,Right hand Bat,Right arm Offbreak,Batter,India,SRH
Anmolpreet Singh,Anmolpreet Singh,25y 49d,Right hand Bat,Right arm Offbreak,Batter,India,SRH
Harry Brook,Harry Cherrington Brook,24y 83d,Right hand Bat,Right arm Medium,Batter,England,SRH
Mayank Dagar,Mayank J Dagar,26y 186d,Right hand Bat,Slow Left arm Orthodox,Bowler,India,SRH
Fazalhaq Farooqi,Fazalhaq Farooqi,22y 236d,Right hand Bat,Left arm Fast medium,Bowler,Afghanistan,SRH
Akeal Hosein,Akeal Jerome Hosein,30y 21d,Left hand Bat,Slow Left arm Orthodox,Bowler,West Indies,SRH
Marco Jansen,Marco Jansen,23y 15d,Right hand Bat,Left arm Medium fast,Bowling Allrounder,South Africa,SRH
Kartik Tyagi,Kartik Tyagi,22y 189d,Right hand Bat,Right arm Fast,Bowler,India,SRH
Heinrich Klaasen,Heinrich Klaasen,31y 290d,Right hand Bat,Right arm Offbreak,Wicketkeeper Batter,South Africa,SRH
Bhuvneshwar Kumar,Bhuvneshwar Kumar Singh,33y 100d,Right hand Bat,Right arm Medium,Bowler,India,SRH
Mayank Markande,Mayank Markande,25y 186d,Right hand Bat,Legbreak,Bowler,India,SRH
T Natarajan,Thangarasu Natarajan,32y 42d,Left hand Bat,Left arm Medium,Bowler,India,SRH
Nitish Kumar Reddy,Kaki Nitish Kumar Reddy,19y 355d,Right hand Bat,Right arm Medium fast,Batting Allrounder,India,SRH
Glenn Phillips,Glenn Dominic Phillips,26y 161d,Right hand Bat,Right arm Offbreak,Wicketkeeper Batter,New Zealand,SRH
Adil Rashid,Adil Usman Rashid,35y 88d,Right hand Bat,Legbreak,Bowler,England,SRH
Sanvir Singh,Sanvir Singh,26y 216d,Right hand Bat,Right arm Medium,Allrounder,India,SRH
Rahul Tripathi,Rahul Ajay Tripathi,32y 75d,Right hand Bat,Right arm Medium,Top order Batter,India,SRH
Umran Malik,Umran Malik,23y 175d,Right hand Bat,Right arm Fast,Bowler,India,SRH
Vivrant Sharma,Vivrant Sharma,23y 198d,Left hand Bat,Legbreak Googly,Allrounder,India,SRH
Samarth Vyas,Samarth Bipin Vyas,27y 169d,Right hand Bat,Legbreak Googly,Allrounder,India,SRH
Upendra Yadav,Upendra Diwansingh Yadav,26y 220d,Right hand Bat,Right arm Offbreak,Wicketkeeper Batter,India,SRH
Washington Sundar,Washington Sundar,23y 223d,Left hand Bat,Right arm Offbreak,Bowling Allrounder,India,SRH
